10/108,"21.413932, 39.877739",Tent
1/56,"21.417645, 39.878336",Tent
11/50,"21.414569, 39.881833",Tent
2/62,"21.417066, 39.882069",Tent
5/1,"21.417126, 39.878486",Tent
6/114,"21.417762, 39.880223",Tent
7/1,"21.416906, 39.878829",Tent
8/114,"21.417323, 39.881188",Tent
9/1,"21.415305, 39.880781",Tent
4/62,"21.416824, 39.882647",Tent
8/62,"21.415849, 39.883671",Tent
6/62,"21.416198, 39.883360",Tent
10/62,"21.415419, 39.884068",Tent
6/204,"21.417267, 39.882909",Tent
8/204,"21.416688, 39.883660",Tent
6/62,"21.416208, 39.883778",Tent
12/204,"21.416368, 39.884637",Tent
9/62,"21.415759, 39.884347",Tent
5/204,"21.417497, 39.883456",Tent
9/204,"21.417317, 39.884004",Tent
3/56,"21.415679, 39.882062",Tent
4/56,"21.415229, 39.881879",Tent
1/56,"21.414440, 39.882952",Tent
8/56,"21.413951, 39.883403",Tent
9/56,"21.414280, 39.883746",Tent
39/62,"21.410173, 39.889981",Tent
16/202,"21.410291, 39.891281",Tent
14/202,"21.410627, 39.890812",Tent
12/202,"21.410979, 39.890324",Tent
39/062,"21.409803, 39.890306",Tent
33/062,"21.410778, 39.889386",Tent
8/202,"21.411819, 39.889188",Tent
4/202,"21.412256, 39.888610",Tent
25/062,"21.412155, 39.887708",Tent
29/062,"21.411433, 39.888502",Tent
31/68,"21.414793, 39.890144",Tent
17/206,"21.414524, 39.890523",Tent
19/206,"21.414221, 39.891172",Tent
21/206,"21.413869, 39.891714",Tent
23/206,"21.413482, 39.892381",Tent
25/206,"21.413113, 39.892995",Tent
40/68,"21.413801, 39.892598",Tent
23/204,"21.413768, 39.889079",Tent
24/206,"21.413768, 39.889855",Tent
26/206,"21.413583, 39.890505",Tent
37/204,"21.412978, 39.890054",Tent
28/206,"21.413297, 39.891245",Tent
30/206,"21.412962, 39.891912",Tent
32/206,"21.412474, 39.892544",Tent
43/204,"21.411685, 39.892020",Tent
41/204,"21.412172, 39.891299",Tent
39/204,"21.412626, 39.890577",Tent
37/204,"21.413012, 39.889909",Tent
40/204,"21.411164, 39.891804",Tent
13/202,"21.410929, 39.890956",Tent
Mina al Jadeed Hospital,"21.411248, 39.890469",Hospital
36/204,"21.412021, 39.890793",Tent
9/202,"21.411483, 39.890198",Tent
32/204,"21.412407, 39.890126",Tent
5/202,"21.412239, 39.889133",Tent
27/204,"21.413163, 39.889079",Tent
26/204,"21.413432, 39.888664",Tent
45/68,"21.415028, 39.891786",Tent
47/68,"21.414305, 39.893067",Tent
3/208,"21.415700, 39.891732",Tent
5/208,"21.415280, 39.892273",Tent
7/208,"21.415011, 39.892760",Tent
9/208,"21.414725, 39.893392",Tent
6/214,"21.414843, 39.893915",Tent
7/214,"21.415364, 39.893392",Tent
8/214,"21.415448, 39.893861",Tent
1/606,"21.416170, 39.893951",Tent
1/214,"21.415952, 39.892165",Tent
3/214,"21.415716, 39.892652",Tent
9/214,"21.416254, 39.893157",Tent
11/214,"21.417027, 39.892760",Tent
18/608,"21.417312, 39.893320",Tent
4/216,"21.417783, 39.892381",Tent
6/216,"21.417447, 39.891407",Tent
2/216,"21.416976, 39.891028",Tent
22/608,"21.415364, 39.894529",Tent
13/608,"21.415817, 39.894655",Tent
13/620,"21.416892, 39.895160",Tent
9/608,"21.416489, 39.894204",Tent
14/620,"21.417413, 39.894962",Tent
5/608,"21.417715, 39.893717",Tent
13/620,"21.417363, 39.895413",Tent
4/616,"21.418320, 39.895557",Tent
3/608,"21.418288, 39.893634",Tent
2/616,"21.418881, 39.895379",Tent
8/620,"21.418655, 39.893467",Tent
7/620,"21.419136, 39.894817",Tent
5/618,"21.419206, 39.893118",Tent
6/622,"21.420181, 39.895333",Tent
4/622,"21.420732, 39.895212",Tent
1/620,"21.420590, 39.894135",Tent
4/620,"21.420138, 39.893922",Tent
1/618,"21.420096, 39.892739",Tent
11/610,"21.420699, 39.892580",Tent
9/610,"21.421032, 39.892465",Tent
10/612,"21.421744, 39.893499",Tent
8/612,"21.422255, 39.893410",Tent
3/610,"21.422694, 39.892248",Tent
4/612,"21.423336, 39.893384",Tent
1/608,"21.423680, 39.892491",Tent
12/614,"21.421590, 39.895157",Tent
11/612,"21.421721, 39.893882",Tent
8/614,"21.422362, 39.895081",Tent
7/612,"21.422623, 39.893805",Tent
5/612,"21.423086, 39.893741",Tent
2/614,"21.423621, 39.894953",Tent
1/612,"21.423811, 39.893894",Tent
5/613,"21.424274, 39.893078",Tent
8/613,"21.424381, 39.894558",Tent
6/613,"21.424939, 39.894213",Tent
4/613,"21.424773, 39.893358",Tent
7/613,"21.425402, 39.893397",Tent
9/613,"21.425515, 39.894481",Tent
4/604,"21.426032, 39.894488",Tent
1/602,"21.426079, 39.893416",Tent
2/604,"21.426614, 39.894335",Tent
6/611,"21.426566, 39.893480",Tent
1/611,"21.427113, 39.894284",Tent
3/604,"21.427184, 39.895138",Tent
1/604,"21.426376, 39.895406",Tent
11/613,"21.424856, 39.895285",Tent
13/613,"21.424607, 39.895400",Tent
15/613,"21.423561, 39.895655",Tent
4/611,"21.425996, 39.892746",Tent
5/612,"21.425046, 39.892733",Tent
2/611,"21.425509, 39.892159",Tent
3/612,"21.424820, 39.892121",Tent
1/613,"21.423942, 39.891827",Tent
2/608,"21.423288, 39.891585",Tent
5/616,"21.418229, 39.896319",Tent
3/616,"21.418751, 39.896012",Tent
1A/628,"21.419155, 39.896370",Tent
2A/632,"21.420402, 39.896523",Tent
4A/632,"21.420644, 39.896937",Tent
1/631,"21.422232, 39.897022",Tent
2/631,"21.421977, 39.896309",Tent
3/631,"21.423065, 39.896916",Tent
4/631,"21.423164, 39.896263",Tent
3/631,"21.424534, 39.897022",Tent
5/631,"21.425452, 39.897022",Tent
4/631,"21.424421, 39.896279",Tent
6/631,"21.425452, 39.896279",Tent
8/631,"21.426370, 39.896742",Tent
1/633,"21.426554, 39.897500",Tent
3/633,"21.425110, 39.897572",Tent
7/637,"21.425412, 39.898204",Tent
5/637,"21.424891, 39.898168",Tent
13/025,"21.425211, 39.899467",Tent
11/025,"21.424505, 39.899160",Tent
4/637,"21.424354, 39.898709",Tent
9/025,"21.423447, 39.898853",Tent
2/637,"21.423329, 39.898457",Tent
4/637,"21.423716, 39.898438",Tent
2/637,"21.424068, 39.897717",Tent
3/637,"21.424623, 39.898060",Tent
23/062,"21.412638, 39.887459",Tent
21/062,"21.412940, 39.887170",Tent
19/062,"21.413478, 39.886629",Tent
17/062,"21.413830, 39.886304",Tent
15/062,"21.414107, 39.885952",Tent
13/062,"21.414435, 39.885582",Tent
18/204,"21.414863, 39.886638",Tent
20/204,"21.414511, 39.887107",Tent
22/204,"21.414175, 39.887576",Tent
24/204,"21.413696, 39.888018",Tent
29/204,"21.414141, 39.888343",Tent
20/206,"21.414578, 39.889047",Tent
16/206,"21.414947, 39.888551",Tent
25/204,"21.414754, 39.887603",Tent
13/206,"21.415107, 39.889137",Tent
7/206,"21.416031, 39.887883",Tent
5/206,"21.416703, 39.886918",Tent
1/208,"21.415678, 39.890346",Tent
41/068,"21.416123, 39.888740",Tent
4/212,"21.416325, 39.889498",Tent
35/056,"21.409176, 39.890194",Tent
36/062,"21.409796, 39.889390",Tent
29/056,"21.410445, 39.888574",Tent
34/062,"21.410924, 39.888081",Tent
32/062,"21.411304, 39.887716",Tent
25/056,"21.411444, 39.887308",Tent
28/062,"21.411863, 39.887169",Tent
21/056,"21.412273, 39.886686",Tent
24/062,"21.412942, 39.886450",Tent
17/056,"21.412742, 39.885667",Tent
20/062,"21.413551, 39.885946",Tent
13/056,"21.413302, 39.884991",Tent
16/062,"21.414111, 39.885324",Tent
9/056,"21.414021, 39.884079",Tent
7/056,"21.414370, 39.883628",Tent
12/062,"21.415010, 39.884229",Tent
10/062,"21.415479, 39.883918",Tent
8/062,"21.415809, 39.883639",Tent
6/062,"21.416238, 39.883339",Tent
4/062,"21.416777, 39.882684",Tent
14/204,"21.415629, 39.885560",Tent
11/062,"21.415010, 39.884916",Tent
12/204,"21.416168, 39.884916",Tent
9/062,"21.415679, 39.884294",Tent
7/062,"21.416088, 39.883897",Tent
8/204,"21.416917, 39.883682",Tent
12/206,"21.415679, 39.887502",Tent
21/204,"21.415179, 39.886793",Tent
8/206,"21.416118, 39.886911",Tent
17/204,"21.415859, 39.885978",Tent
4/206,"21.416708, 39.886042",Tent
13/204,"21.416258, 39.885485",Tent
3/056,"21.415629, 39.882137",Tent
4/056,"21.415000, 39.881998",Tent
6/056,"21.414370, 39.882899",Tent
8/056,"21.413611, 39.883940",Tent
10/056,"21.412732, 39.884970",Tent
12/056,"21.411913, 39.885935",Tent
16/056,"21.410785, 39.887308",Tent
20/056,"21.409686, 39.888585",Tent
24/056,"21.408737, 39.889561",Tent
11/050,"21.414360, 39.881998",Tent
13/050,"21.413451, 39.883231",Tent
1/110,"21.412932, 39.882974",Tent
3/110,"21.412667, 39.883800",Tent
5/110,"21.412008, 39.884572",Tent
25/038,"21.411239, 39.885012",Tent
24/50,"21.413116, 39.880999",Tent
26/50,"21.412777, 39.881396",Tent
14/108,"21.412467, 39.880538",Tent
16/108,"21.411838, 39.881053",Tent
6/110,"21.413756, 39.880592",Tent
1/201,"21.413206, 39.880248",Tent
32/50,"21.410999, 39.885656",Tent
34/50,"21.410659, 39.886106",Tent
1/044,"21.410050, 39.885688",Tent
27/038,"21.410410, 39.885184",Tent
36/050,"21.410190, 39.886460",Tent
5/044,"21.409541, 39.886407",Tent
40/50,"21.409900, 39.887168",Tent
9/049,"21.409211, 39.886857",Tent
42/050,"21.408991, 39.888070",Tent
45/038,"21.406070, 39.889749",Tent
47/038,"21.405860, 39.890081",Tent
51/038,"21.405450, 39.890854",Tent
16/044,"21.406809, 39.890221",Tent
18/044,"21.406449, 39.890618",Tent
20/044,"21.405880, 39.891412",Tent
22/044,"21.405011, 39.892270",Tent
26/044,"21.404351, 39.893043",Tent
28/044,"21.403972, 39.893504",Tent
30/044,"21.403462, 39.894158",Tent
33/044,"21.403782, 39.894459",Tent
64/050,"21.403452, 39.895199",Tent
2/312,"21.405021, 39.889298",Tent
1/25,"21.404591, 39.888901",Tent
4/312,"21.404641, 39.889416",Tent
6/312,"21.404961, 39.890146",Tent
54/038,"21.404222, 39.889802",Tent
56/038,"21.404411, 39.890521",Tent
6/038,"21.402873, 39.894148",Tent
64/038,"21.403183, 39.893450",Tent
62/038,"21.403462, 39.892871",Tent
60/038,"21.403732, 39.892345",Tent
58/038,"21.403932, 39.891819",Tent
28/056,"21.407740, 39.891339",Tent
30/056,"21.407006, 39.892614",Tent
32/056,"21.406299, 39.893569",Tent
34/056,"21.405607, 39.894313",Tent
36/056,"21.404802, 39.895102",Tent
38/056,"21.403898, 39.895952",Tent
40/056,"21.402923, 39.897105",Tent
42/062,"21.408475, 39.891415",Tent
39/056,"21.407882, 39.892234",Tent
46/062,"21.407528, 39.893312",Tent
43/056,"21.406780, 39.893903",Tent
52/62,"21.405904, 39.895208",Tent
49/056,"21.404901, 39.895663",Tent
1/413,"21.409160, 39.891969",Tent
1/415,"21.409845, 39.892621",Tent
2/406,"21.410594, 39.892727",Tent
2/404,"21.409017, 39.893046",Tent
4/404,"21.408757, 39.893272",Tent
6/404,"21.408317, 39.894023",Tent
8/404,"21.408008, 39.894795",Tent
10/404,"21.407578, 39.895589",Tent
12/404,"21.407149, 39.896319",Tent
49/62,"21.407658, 39.894066",Tent
51/62,"21.407358, 39.894473",Tent
53/62,"21.406939, 39.895010",Tent
55/62,"21.406499, 39.895535",Tent
57/62,"21.406100, 39.895922",Tent
1/404,"21.409486, 39.893036",Tent
6/406,"21.409965, 39.893701",Tent
5/404,"21.409236, 39.893647",Tent
10/406,"21.409596, 39.894484",Tent
9/404,"21.408657, 39.894634",Tent
14/406,"21.409066, 39.895428",Tent
13/404,"21.408327, 39.895332",Tent
18/406,"21.408627, 39.896222",Tent
17/404,"21.407838, 39.896276",Tent
20/406,"21.408287, 39.897059",Tent
22/406,"21.407908, 39.897091",Tent
1/406,"21.410685, 39.893948",Tent
3/406,"21.410085, 39.895053",Tent
5/406,"21.409916, 39.895503",Tent
3/425,"21.410775, 39.895729",Tent
4/425,"21.410665, 39.896587",Tent
2/425,"21.409975, 39.896126",Tent
1/427,"21.409826, 39.896759",Tent
11/406,"21.409076, 39.896973",Tent
13/406,"21.408797, 39.897467",Tent
3/421,"21.409656, 39.897928",Tent
12/408,"21.410727, 39.898194",Tent
59/062,"21.403812, 39.897906",Tent
1/513,"21.404532, 39.897949",Tent
2/508,"21.405690, 39.897927",Tent
4/508,"21.405441, 39.898282",Tent
6/508,"21.405201, 39.898636",Tent
2/510,"21.406739, 39.898024",Tent
4/510,"21.406569, 39.898314",Tent
3/508,"21.406050, 39.898185",Tent
5/508,"21.405890, 39.898518",Tent
8/510,"21.405900, 39.899483",Tent
6/510,"21.406140, 39.899043",Tent
1/510,"21.407089, 39.898239",Tent
2/518,"21.407528, 39.898432",Tent
3/510,"21.406779, 39.898593",Tent
5/510,"21.406509, 39.899151",Tent
7/510,"21.406220, 39.899762",Tent
8/518,"21.406619, 39.900063",Tent
6/518,"21.406979, 39.899387",Tent
4/518,"21.407309, 39.898861",Tent
2/518,"21.407558, 39.898432",Tent
4/513,"21.404542, 39.898603",Tent
6/513,"21.404861, 39.899151",Tent
10/518,"21.406000, 39.900620",Tent
12/518,"21.405820, 39.900856",Tent
14/518,"21.405551, 39.901060",Tent
16/518,"21.405241, 39.901232",Tent
1/518,"21.408077, 39.898684",Tent
3/518,"21.407872, 39.899025",Tent
5/518,"21.407717, 39.899374",Tent
2/520,"21.409172, 39.899101",Tent
4/520,"21.408825, 39.899374",Tent
6/520,"21.408493, 39.899632",Tent
8/520,"21.408176, 39.899898",Tent
7/518,"21.407427, 39.899761",Tent
10/520,"21.407815, 39.900224",Tent
12/520,"21.407392, 39.900543",Tent
14/520,"21.406841, 39.901006",Tent
16/520,"21.406445, 39.901355",Tent
18/520,"21.406177, 39.901734",Tent
20/520,"21.406191, 39.902121",Tent
2/529,"21.406770, 39.903168",Tent
4/529,"21.407130, 39.903441",Tent
2/522,"21.410019, 39.899541",Tent
3/520,"21.409179, 39.899534",Tent
6/522,"21.409186, 39.900376",Tent
7/520,"21.408444, 39.900201",Tent
3/522,"21.410196, 39.900034",Tent
6/524,"21.410076, 39.900930",Tent
7/522,"21.409164, 39.900937",Tent
9/520,"21.408013, 39.900649",Tent
12/522,"21.407950, 39.901415",Tent
13/520,"21.407222, 39.901233",Tent
16/522,"21.407151, 39.902030",Tent
9/522,"21.408606, 39.901461",Tent
12/524,"21.408522, 39.902242",Tent
13/522,"21.407674, 39.902136",Tent
16/524,"21.407540, 39.902887",Tent
1/524,"21.411375, 39.900490",Tent
3/524,"21.410570, 39.901180",Tent
5/524,"21.409857, 39.901924",Tent
7/524,"21.409179, 39.902227",Tent
4/526,"21.409023, 39.903046",Tent
11/524,"21.408253, 39.902948",Tent
8/526,"21.408183, 39.903691",Tent
1/526,"21.409701, 39.903046",Tent
4/528,"21.409595, 39.903797",Tent
5/526,"21.408797, 39.903782",Tent
8/528,"21.408741, 39.904518",Tent
3/504,"21.397047, 39.907936",Tent
2/504,"21.396382, 39.907273",Tent
1/504,"21.397023, 39.906890",Tent
20/502,"21.395491, 39.906775",Tent
18/502,"21.395824, 39.906482",Tent
16/502,"21.396180, 39.906175",Tent
14/502,"21.396429, 39.905856",Tent
12/502,"21.396738, 39.905614",Tent
10/502,"21.396810, 39.905269",Tent
31/502,"21.394956, 39.906367",Tent
29/502,"21.395467, 39.906239",Tent
27/502,"21.395883, 39.905831",Tent
25/502,"21.396192, 39.905359",Tent
23/502,"21.396489, 39.904938",Tent
21/502,"21.396881, 39.904504",Tent
19/502,"21.397285, 39.903994",Tent
17/502,"21.397522, 39.903585",Tent
15/502,"21.397807, 39.903215",Tent
13/502,"21.398021, 39.902807",Tent
8/502,"21.397166, 39.905014",Tent
6/502,"21.397843, 39.904274",Tent
4/502,"21.398366, 39.903649",Tent
5/502,"21.398758, 39.903100",Tent
2/502,"21.399245, 39.902424",Tent
11/502,"21.398508, 39.902514",Tent
9/502,"21.399209, 39.901633",Tent
7/502,"21.399708, 39.901008",Tent
5/502,"21.400231, 39.900510",Tent
3/502,"21.400599, 39.899987",Tent
1/502,"21.401110, 39.899324",Tent
4/506,"21.397171, 39.906232",Tent
2/506,"21.397461, 39.905503",Tent
5/506,"21.397700, 39.906329",Tent
3/506,"21.397940, 39.905374",Tent
1/506,"21.398210, 39.904516",Tent
63/062,"21.398729, 39.904859",Tent
61/062,"21.399079, 39.904333",Tent
2/535,"21.399439, 39.903496",Tent
4/535,"21.399828, 39.903883",Tent
2/521,"21.401506, 39.900224",Tent
4/521,"21.401926, 39.900460",Tent
6/521,"21.402345, 39.900761",Tent
8/521,"21.402765, 39.901136",Tent
1/521,"21.401766, 39.899806",Tent
3/521,"21.402096, 39.899977",Tent
5/521,"21.402375, 39.900203",Tent
7/521,"21.402845, 39.900482",Tent
9/521,"21.403384, 39.900675",Tent
1/519,"21.402415, 39.899098",Tent
63/038,"21.399988, 39.898078",Tent
65/038,"21.399429, 39.898454",Tent
67/038,"21.398909, 39.898776",Tent
69/038,"21.398160, 39.899183",Tent
71/038,"21.397421, 39.899548",Tent
1/714,"21.397770, 39.899902",Tent
3/714,"21.397291, 39.900117",Tent
5/714,"21.396722, 39.900299",Tent
7/714,"21.396172, 39.900535",Tent
9/714,"21.395663, 39.900771",Tent
12/716,"21.398190, 39.900364",Tent
14/716,"21.397651, 39.900567",Tent
16/716,"21.397111, 39.900771",Tent
18/716,"21.396532, 39.901061",Tent
20/716,"21.395962, 39.901297",Tent
3/716,"21.398130, 39.900900",Tent
5/716,"21.397601, 39.901200",Tent
7/716,"21.397141, 39.901447",Tent
71/038,"21.397331, 39.899645",Tent
70/038,"21.396951, 39.899033",Tent
72/038,"21.396602, 39.899248",Tent
4/706,"21.396462, 39.898743",Tent
2/706,"21.397001, 39.898379",Tent
9/716,"21.396582, 39.901630",Tent
11/716,"21.396172, 39.901683",Tent
13/716,"21.395643, 39.901984",Tent
15/716,"21.395133, 39.902263",Tent
8/718,"21.395433, 39.902810",Tent
6/718,"21.395912, 39.902499",Tent
4/718,"21.396332, 39.902177",Tent
35/050,"21.395543, 39.903604",Tent
33/050,"21.396152, 39.903121",Tent
31/050,"21.396771, 39.902552",Tent
7/720,"21.396592, 39.903207",Tent
27/050,"21.398936, 39.900560",Tent
25/050,"21.399935, 39.899519",Tent
29/050,"21.398507, 39.901107",Tent
3/720,"21.397668, 39.901987",Tent
5/720,"21.397228, 39.902470",Tent
4/716,"21.400894, 39.897856",Tent
1/716,"21.401604, 39.896934",Tent
61/038,"21.400435, 39.897685",Tent
59/038,"21.401034, 39.897116",Tent
21/050,"21.402616, 39.896757",Tent
11/714,"21.395157, 39.901009",Tent
13/714,"21.394622, 39.901303",Tent
15/714,"21.394088, 39.901660",Tent
17/714,"21.393755, 39.902234",Tent
19/714,"21.393327, 39.902591",Tent
22/716,"21.395466, 39.901583",Tent
24/716,"21.394872, 39.901877",Tent
26/716,"21.394254, 39.902234",Tent
25/716,"21.392864, 39.903944",Tent
23/716,"21.393232, 39.903280",Tent
21/716,"21.393779, 39.903012",Tent
19/716,"21.394254, 39.902808",Tent
17/716,"21.394694, 39.902540",Tent
10/718,"21.394931, 39.903242",Tent
12/718,"21.394420, 39.903472",Tent
14/718,"21.393957, 39.903625",Tent
16/718,"21.393470, 39.903816",Tent
53/044,"21.392341, 39.902885",Tent
51/044,"21.392662, 39.902502",Tent
49/044,"21.393137, 39.901979",Tent
6/529,"21.407299, 39.903986",Tent
8/529,"21.407998, 39.904586",Tent
10/529,"21.408538, 39.905209",Tent
5/531,"21.407879, 39.905852",Tent
3/531,"21.407539, 39.905058",Tent
1/528,"21.410176, 39.903878",Tent
3/528,"21.409657, 39.904329",Tent
4/547,"21.410376, 39.905187",Tent
2/547,"21.410114, 39.904753",Tent
2/542,"21.410780, 39.904128",Tent
2/530,"21.411789, 39.901041",Tent
4/530,"21.411088, 39.901679",Tent
1/530,"21.412205, 39.901194",Tent
3/530,"21.411362, 39.902240",Tent
6/552,"21.409782, 39.908747",Tent
4/552,"21.410494, 39.908211",Tent
2/552,"21.411195, 39.907816",Tent
2/561,"21.410494, 39.907382",Tent
1/561,"21.410839, 39.906603",Tent
11/552,"21.408582, 39.909819",Tent
9/552,"21.409342, 39.909615",Tent
7/552,"21.410174, 39.909487",Tent
5/552,"21.410851, 39.908926",Tent
3/552,"21.411433, 39.908862",Tent
1/552,"21.411706, 39.908186",Tent
2/554,"21.407691, 39.910048",Tent
4/554,"21.406396, 39.910201",Tent
6/554,"21.404864, 39.910699",Tent
1/550,"21.407572, 39.909245",Tent
3/550,"21.406432, 39.909398",Tent
5/550,"21.405304, 39.909615",Tent
1/548,"21.406990, 39.908721",Tent
2/548,"21.406836, 39.907956",Tent
4/548,"21.406111, 39.908607",Tent
78/068,"21.405636, 39.908237",Tent
80/068,"21.405042, 39.908658",Tent
82/068,"21.404425, 39.909142",Tent
84/068,"21.403802, 39.909747",Tent
2/115,"21.423601, 39.873184",Tent
2/124,"21.423771, 39.873580",Tent
4/124,"21.423232, 39.873827",Tent
9/068,"21.422782, 39.874342",Tent
1/124,"21.423821, 39.874235",Tent
3/124,"21.422742, 39.875018",Tent
7/126,"21.423941, 39.874771",Tent
8/126,"21.422812, 39.875673",Tent
6/126,"21.423681, 39.876070",Tent
5/126,"21.424710, 39.875533",Tent
4/126,"21.424730, 39.874074",Tent
1/122,"21.424860, 39.872937",Tent
2/126,"21.425758, 39.872529",Tent
1/126,"21.426068, 39.873334",Tent
3/126,"21.425988, 39.874235",Tent
3/155,"21.424260, 39.873023",Tent
7/068,"21.424340, 39.872186",Tent
3/122,"21.425149, 39.871810",Tent
6/068,"21.425049, 39.870705",Tent
3/068,"21.425838, 39.870469",Tent
4/068,"21.425629, 39.869836",Tent
1/068,"21.426547, 39.869493",Tent
2/068,"21.426408, 39.868892",Tent
27/068,"21.419387, 39.883069",Tent
25/068,"21.419328, 39.882392",Tent
23/068,"21.419571, 39.881436",Tent
21/068,"21.419748, 39.880408",Tent
17/068,"21.420098, 39.879629",Tent
15/068,"21.420877, 39.877773",Tent
10/068,"21.419738, 39.878814",Tent
12/068,"21.419339, 39.879876",Tent
7/015,"21.420586, 39.883572",Tent
9/015,"21.421073, 39.883725",Tent
3/015,"21.420771, 39.883157",Tent
5/015,"21.421300, 39.883139",Tent
29/068,"21.419328, 39.884026",Tent
31/068,"21.419469, 39.884580",Tent
4/015,"21.420225, 39.884610",Tent
5/210,"21.420472, 39.885141",Tent
7/210,"21.420282, 39.885445",Tent
9/210,"21.419985, 39.885164",Tent
16/068,"21.418495, 39.883510",Tent
2/102,"21.419053, 39.872663",Tent
1/102,"21.419666, 39.871490",Tent
8/038,"21.418591, 39.871084",Tent
6/038,"21.418935, 39.870597",Tent
4/038,"21.419196, 39.870209",Tent
16/038,"21.417709, 39.872365",Tent
18/038,"21.417382, 39.872870",Tent
20/038,"21.417113, 39.873339",Tent
22/038,"21.416718, 39.873899",Tent
14/050,"21.416970, 39.876118",Tent
16/050,"21.416517, 39.876695",Tent
1/105,"21.415685, 39.876596",Tent
3/108,"21.416164, 39.876325",Tent
2/108,"21.416920, 39.875775",Tent
11/038,"21.416542, 39.875044",Tent
6/108,"21.415525, 39.875766",Tent
8/108,"21.414677, 39.876614",Tent
10/108,"21.413636, 39.878112",Tent
12/108,"21.413636, 39.878229",Tent
9/1,"21.415059, 39.880808",Tent
7/1,"21.415353, 39.880032",Tent
5/1,"21.415907, 39.879229",Tent
3/1,"21.416394, 39.878499",Tent
1/1,"21.416663, 39.878057",Tent
1/112,"21.417772, 39.878354",Tent
5/112,"21.417117, 39.879744",Tent
2/112,"21.417287, 39.878463",Tent
6/112,"21.416876, 39.879265",Tent
2/114,"21.418110, 39.878787",Tent
6/114,"21.417489, 39.880501",Tent
1/056,"21.416170, 39.881521",Tent
2/062,"21.416775, 39.881882",Tent
8/114,"21.417346, 39.881169",Tent
2/204,"21.417734, 39.881817",Tent
3/204,"21.418263, 39.882676",Tent
1/204,"21.418398, 39.881742",Tent
4/111,"21.418248, 39.880412",Tent
1/116,"21.418778, 39.880176",Tent
3/116,"21.419067, 39.879274",Tent
1/114,"21.418678, 39.878309",Tent
29/068,"21.419217, 39.883888",Tent
31/068,"21.419587, 39.884542",Tent
9/210,"21.419946, 39.885240",Tent
27/068,"21.419447, 39.882933",Tent
25/068,"21.419367, 39.882311",Tent
23/068,"21.419577, 39.881442",Tent
21/068,"21.419826, 39.880412",Tent
12/068,"21.419482, 39.879639",Tent
10/068,"21.419742, 39.878684",Tent
2/632,"21.418971, 39.896077",Tent
4/632,"21.418710, 39.896536",Tent
1/654,"21.426605, 39.901796",Tent
3/654,"21.426226, 39.902525",Tent
3/652,"21.425866, 39.901066",Tent
8/641,"21.424708, 39.900186",Tent
7/643,"21.425087, 39.900787",Tent
16/643,"21.425180, 39.901363",Tent
14/623,"21.424841, 39.902106",Tent
12/643,"21.424544, 39.901196",Tent
6/641,"21.424078, 39.900134",Tent
4/641,"21.423443, 39.899663",Tent
2/641,"21.422652, 39.899436",Tent
1/643,"21.422680, 39.900422",Tent
3/643,"21.423471, 39.900513",Tent
10/643,"21.423994, 39.901387",Tent
8/643,"21.423570, 39.901349",Tent
6/643,"21.423059, 39.901222",Tent
4/643,"21.422643, 39.901209",Tent
2/643,"21.422145, 39.901311",Tent
23/646,"21.421551, 39.899423",Tent
20/647,"21.421052, 39.898938",Tent
18/647,"21.420411, 39.898823",Tent
19/649,"21.420268, 39.899959",Tent
21/649,"21.420969, 39.900061",Tent
20/649,"21.420624, 39.900609",Tent
24/651,"21.421254, 39.901515",Tent
22/651,"21.420684, 39.901349",Tent
20/651,"21.420019, 39.901235",Tent
1/628,"21.419058, 39.896525",Tent
4/25,"21.418101, 39.897139",Tent
6/25,"21.418808, 39.897503",Tent
3/639,"21.418158, 39.898156",Tent
1/649,"21.415008, 39.899309",Tent
3/649,"21.415728, 39.899142",Tent
4/647,"21.416533, 39.898808",Tent
7/649,"21.416943, 39.899597",Tent
8/647,"21.417579, 39.898884",Tent
10/647,"21.418087, 39.899036",Tent
13/649,"21.418539, 39.899825",Tent
14/647,"21.419019, 39.898732",Tent
15/649,"21.419302, 39.899961",Tent
17/649,"21.419740, 39.899779",Tent
16/647,"21.419867, 39.898717",Tent
16/649,"21.418892, 39.900340",Tent
14/649,"21.417211, 39.900113",Tent
12/649,"21.416533, 39.900204",Tent
10/649,"21.415855, 39.900310",Tent
8/649,"21.415248, 39.900310",Tent
4/649,"21.414754, 39.900189",Tent
2/649,"21.414174, 39.900098",Tent
12/088,"21.417169, 39.901114",Tent
5/655,"21.416152, 39.901327",Tent
1/655,"21.414471, 39.900978",Tent
1/088,"21.417565, 39.902131",Tent
3/088,"21.416533, 39.902343",Tent
8/655,"21.416209, 39.901812",Tent
6/655,"21.415545, 39.901767",Tent
4/655,"21.414867, 39.901812",Tent
2/655,"21.414047, 39.901782",Tent
21/088,"21.412550, 39.902586",Tent
11/088,"21.412946, 39.903072",Tent
7/088,"21.414838, 39.902647",Tent
10/651,"21.417824, 39.900696",Tent
8/088,"21.418248, 39.901606",Tent
14/651,"21.418785, 39.900751",Tent
8/044,"21.419145, 39.901673",Tent
18/651,"21.419604, 39.900879",Tent
17/608,"21.415153, 39.895724",Tent
19/608,"21.414809, 39.896145",Tent
15/608,"21.415724, 39.895571",Tent
2/625,"21.416104, 39.898008",Tent
16/616,"21.415771, 39.898097",Tent
4/625,"21.415415, 39.897434",Tent
2/625,"21.414940, 39.897051",Tent
21/608,"21.414512, 39.896783",Tent
23/608,"21.414179, 39.897204",Tent
25/608,"21.413835, 39.897715",Tent
18/616,"21.414999, 39.898289",Tent
24/616,"21.413051, 39.900368",Tent
22/616,"21.413764, 39.899654",Tent
20/616,"21.414393, 39.898914",Tent
27/608,"21.413443, 39.898225",Tent
29/608,"21.413027, 39.898850",Tent
51/068,"21.413597, 39.894384",Tent
53/068,"21.413300, 39.894933",Tent
24/608,"21.414750, 39.895303",Tent
26/608,"21.414061, 39.896235",Tent
20/608,"21.413728, 39.896885",Tent
30/608,"21.413372, 39.897306",Tent
57/068,"21.412718, 39.897000",Tent
55/068,"21.413051, 39.895967",Tent
59/068,"21.412908, 39.897893",Tent
44/068,"21.412956, 39.894180",Tent
48/068,"21.412540, 39.895163",Tent
Albaiea,"21.424693, 39.867463",Masjid
Albaik,"21.423715, 39.864707",Restaurant
Big Jamara,"21.421766, 39.871254",Jamarat
Middle jamara,"21.420937, 39.873292",Jamarat
Small Jamara,"21.420088, 39.874515",Jamarat
Civil Defense - King Fahad Road,"21.418474, 39.883991",Civil Defense
Civil Defense - Souq Al Arab,"21.416388, 39.883069",Civil Defense
Toilet - King Abdul Aziz Road,"21.412620, 39.883227",Toilets
Muna General Hospital,"21.413609, 39.880148",Hospital
Toilet - King Abdul Aziz Road,"21.411731, 39.880781",Toilets
Toilet - King Abdul Aziz Road,"21.410852, 39.885373",Toilets
Red Cresent Hospital,"21.408265, 39.893774",Hospital
Red cresent emergency unit,"21.406517, 39.894943",Hospital
Muna Train station 2,"21.404549, 39.891520",Train
Muna Train station Jamarat,"21.418233, 39.870921",Train
Muna Train station 1,"21.399482, 39.897925",Train
Armed Forces Hospital,"21.399132, 39.899180",Hospital
Muna Alwadi Hospital,"21.413244, 39.901721",Hospital
Medical Center,"21.422392, 39.900549",Hospital
Masharil haram - Muzdalifa,"21.386290, 39.912376",Masjid
Muzdalifa Train Station 1,"21.378527, 39.917923",Train
Arafat Train Station 3,"21.346057, 39.961116",Train
Arafat Train Station 2,"21.340891, 39.969495",Train
Arafat Train Station 1,"21.336814, 39.975256",Train
East Arafa Hospital,"21.334675, 39.987065",Hospital
Jabal Rahma,"21.354797, 39.984038",General
Kashaf center,"21.410788, 39.893134",General
Wadi Mahsar,"21.411477, 39.896782",General
Masjid Al Khaif, "21.415115, 39.878160",Masjid
